resource_id,title,resource_type,sel_core_competency,education_stage,curriculum_108_competency,curriculum_108_area,curriculum_108_issue,curriculum_108_performance,curriculum_108_content,mapping_status,source,source_url,verification_status,license_or_access,notes
SEL-088,國教院 人權教育議題,學術文獻與實證,社會覺察,幼兒園;國小;國中;高中職;大專,A2;B1;C2,跨領域,人權教育,待依教育階段與領域補填,依教育階段與學習領域進行課程融入；正式對應待審查。,建議對應／待審查,國家教育研究院,https://www.naer.edu.tw/,待國內頁面查核,公開閱讀,權利與責任
SEL-074,教育部 正向管教,教學活動與教案,人際關係,幼兒園;國小;國中;高中職;大專,A2;B1;C2,跨領域,品德教育,待依教育階段與領域補填,依教育階段與學習領域進行課程融入；正式對應待審查。,建議對應／待審查,教育部,https://www.edu.tw/,待國內頁面查核,公開閱讀,教師班級經營
SEL-076,教育部 品德教育,教學活動與教案,社會覺察,幼兒園;國小;國中;高中職;大專,A2;B1;C2,跨領域,品德教育,待依教育階段與領域補填,依教育階段與學習領域進行課程融入；正式對應待審查。,建議對應／待審查,教育部,https://www.edu.tw/,待國內頁面查核,公開閱讀,品德與關係
SEL-085,國教院 品德教育議題,教學活動與教案,社會覺察,國小;國中,A2;B1;C2,跨領域,品德教育,待依教育階段與領域補填,依教育階段與學習領域進行課程融入；正式對應待審查。,建議對應／待審查,國家教育研究院,https://www.naer.edu.tw/,待國內頁面查核,公開閱讀,品德與行動
SEL-094,班級經營與正向管教研習,研習模組與講師素材,人際關係,幼兒園;國小;國中;高中職;大專,A2;B1;C2,綜合活動領域,品德教育,待依教育階段與領域補填,依教育階段與學習領域進行課程融入；正式對應待審查。,建議對應／待審查,教師在職進修網,https://www1.inservice.edu.tw/,待課程查核,依課程授權,需確認內容與時數
SEL-008,CASEL Family Partnership,研習模組與講師素材,社會覺察,幼兒園;國小;國中;高中職;大專,A2;B1;C2,綜合活動領域,家庭教育,待依教育階段與領域補填,依教育階段與學習領域進行課程融入；正式對應待審查。,建議對應／待審查,CASEL,https://casel.org/systemic-implementation/,待直接頁面查核,公開閱讀,親師合作
SEL-038,RULER Family Engagement,研習模組與講師素材,社會覺察,幼兒園;國小;國中;高中職;大專,A2;B1;C2,綜合活動領域,家庭教育,待依教育階段與領域補填,依教育階段與學習領域進行課程融入；正式對應待審查。,建議對應／待審查,Yale RULER,https://rulerapproach.org/,待直接頁面查核,部分公開／可能需註冊,家庭參與
SEL-047,EEF Family Engagement,研習模組與講師素材,社會覺察,國小,A2;B1;C2,綜合活動領域,家庭教育,待依教育階段與領域補填,依教育階段與學習領域進行課程融入；正式對應待審查。,建議對應／待審查,EEF,https://educationendowmentfoundation.org.uk/education-evidence/guidance-reports/improving-social-and-emotional-learning-in-primary-schools,待直接頁面查核,公開閱讀,家庭連結
SEL-057,UNESCO Family and Community,研習模組與講師素材,社會覺察,幼兒園;國小;國中;高中職;大專,A2;B1;C2,綜合活動領域,家庭教育,待依教育階段與領域補填,依教育階段與學習領域進行課程融入；正式對應待審查。,建議對應／待審查,UNESCO,https://www.unesco.org/en/education,待直接頁面查核,公開閱讀,家庭社區
SEL-065,US ED Family Engagement,研習模組與講師素材,社會覺察,幼兒園;國小;國中;高中職;大專,A2;B1;C2,綜合活動領域,家庭教育,待依教育階段與領域補填,依教育階段與學習領域進行課程融入；正式對應待審查。,建議對應／待審查,U.S. Department of Education,https://www.ed.gov/teaching-and-administration/educator-support/mental-health/social-emotional-learning,待直接頁面查核,公開閱讀,親師合作
SEL-079,教育部 家庭教育,研習模組與講師素材,社會覺察,幼兒園;國小;國中;高中職;大專,A2;B1;C2,綜合活動領域,家庭教育,待依教育階段與領域補填,依教育階段與學習領域進行課程融入；正式對應待審查。,建議對應／待審查,教育部,https://www.edu.tw/,待國內頁面查核,公開閱讀,親職與親師合作
SEL-086,國教院 家庭教育議題,研習模組與講師素材,人際關係,幼兒園;國小;國中;高中職;大專,A2;B1;C2,綜合活動領域,家庭教育,待依教育階段與領域補填,依教育階段與學習領域進行課程融入；正式對應待審查。,建議對應／待審查,國家教育研究院,https://www.naer.edu.tw/,待國內頁面查核,公開閱讀,家庭互動
SEL-087,國教院 性別平等議題,學術文獻與實證,社會覺察,幼兒園;國小;國中;高中職;大專,A2;B1;C2,跨領域,性別平等教育,待依教育階段與領域補填,依教育階段與學習領域進行課程融入；正式對應待審查。,建議對應／待審查,國家教育研究院,https://www.naer.edu.tw/,待國內頁面查核,公開閱讀,尊重差異
SEL-075,教育部 生命教育,教學活動與教案,負責任的決定,幼兒園;國小;國中;高中職;大專,A2;B1;C2,跨領域,生命教育,待依教育階段與領域補填,依教育階段與學習領域進行課程融入；正式對應待審查。,建議對應／待審查,教育部,https://www.edu.tw/,待國內頁面查核,公開閱讀,議題融入
SEL-084,國教院 生命教育議題,教學活動與教案,負責任的決定,國中;高中職,A2;B1;C2,跨領域,生命教育,待依教育階段與領域補填,依教育階段與學習領域進行課程融入；正式對應待審查。,建議對應／待審查,國家教育研究院,https://www.naer.edu.tw/,待國內頁面查核,公開閱讀,價值思辨與選擇
SEL-001,CASEL SEL Framework,學術文獻與實證,自我覺察;自我管理;社會覺察;人際關係;負責任的決定,幼兒園;國小;國中;高中職;大專,A1;B1;C1,跨領域,跨領域議題融入,待依教育階段與領域補填,依教育階段與學習領域進行課程融入；正式對應待審查。,建議對應／待審查,CASEL,https://casel.org/fundamentals-of-sel/what-is-the-casel-framework/,已核對入口,公開閱讀,核心分類架構
SEL-002,CASEL Systemic Implementation,學術文獻與實證,自我覺察;自我管理;社會覺察;人際關係;負責任的決定,幼兒園;國小;國中;高中職;大專,A1;B1;C1,跨領域,跨領域議題融入,待依教育階段與領域補填,依教育階段與學習領域進行課程融入；正式對應待審查。,建議對應／待審查,CASEL,https://casel.org/systemic-implementation/,已核對入口,公開閱讀,學校整體推動
SEL-003,CASEL Program Guide,教學活動與教案,自我覺察;自我管理;社會覺察;人際關係;負責任的決定,幼兒園;國小;國中;高中職;大專,A2;B1;C2,跨領域,跨領域議題融入,待依教育階段與領域補填,依教育階段與學習領域進行課程融入；正式對應待審查。,建議對應／待審查,CASEL,https://pg.casel.org/,已核對入口,公開閱讀,方案證據與比較入口
SEL-004,CASEL Explicit SEL Instruction,教學活動與教案,自我管理,國小;國中,A2;B1;C2,跨領域,跨領域議題融入,待依教育階段與領域補填,依教育階段與學習領域進行課程融入；正式對應待審查。,建議對應／待審查,CASEL,https://casel.org/fundamentals-of-sel/what-is-the-casel-framework/,待直接頁面查核,公開閱讀,由框架延伸建卡
SEL-005,CASEL Cooperative Learning,教學活動與教案,人際關係,國小;國中,A2;B1;C2,跨領域,跨領域議題融入,待依教育階段與領域補填,依教育階段與學習領域進行課程融入；正式對應待審查。,建議對應／待審查,CASEL,https://casel.org/fundamentals-of-sel/what-is-the-casel-framework/,待直接頁面查核,公開閱讀,合作學習情境
SEL-006,CASEL Project-based Learning,教學活動與教案,負責任的決定,國中;高中職,A2;B1;C2,跨領域,跨領域議題融入,待依教育階段與領域補填,依教育階段與學習領域進行課程融入；正式對應待審查。,建議對應／待審查,CASEL,https://casel.org/fundamentals-of-sel/what-is-the-casel-framework/,待直接頁面查核,公開閱讀,課程融入情境
SEL-007,CASEL Adult SEL,研習模組與講師素材,自我覺察,幼兒園;國小;國中;高中職;大專,A2;B1;C2,綜合活動領域,跨領域議題融入,待依教育階段與領域補填,依教育階段與學習領域進行課程融入；正式對應待審查。,建議對應／待審查,CASEL,https://casel.org/systemic-implementation/,待直接頁面查核,公開閱讀,教師與成人學習
SEL-009,CASEL Community Partnership,研習模組與講師素材,社會覺察,幼兒園;國小;國中;高中職;大專,A2;B1;C2,跨領域,跨領域議題融入,待依教育階段與領域補填,依教育階段與學習領域進行課程融入；正式對應待審查。,建議對應／待審查,CASEL,https://casel.org/systemic-implementation/,待直接頁面查核,公開閱讀,社區資源連結
SEL-010,CASEL Equity and SEL,學術文獻與實證,社會覺察,幼兒園;國小;國中;高中職;大專,A2;B1;C2,跨領域,跨領域議題融入,待依教育階段與領域補填,依教育階段與學習領域進行課程融入；正式對應待審查。,建議對應／待審查,CASEL,https://casel.org/fundamentals-of-sel/what-is-the-casel-framework/,待直接頁面查核,公開閱讀,文化回應與公平
SEL-011,OECD SSES Overview,學術文獻與實證,自我覺察;自我管理;社會覺察;人際關係;負責任的決定,國中;高中職,A1;B1;C1,跨領域,跨領域議題融入,待依教育階段與領域補填,依教育階段與學習領域進行課程融入；正式對應待審查。,建議對應／待審查,OECD,https://www.oecd.org/en/about/programmes/social-and-emotional-skills-study.html,已核對入口,公開閱讀,國際研究入口
SEL-012,OECD SSES Framework,學術文獻與實證,自我覺察;自我管理;社會覺察;人際關係;負責任的決定,國中;高中職,A1;B1;C1,跨領域,跨領域議題融入,待依教育階段與領域補填,依教育階段與學習領域進行課程融入；正式對應待審查。,建議對應／待審查,OECD,https://www.oecd.org/en/about/programmes/social-and-emotional-skills-study.html,待直接頁面查核,公開閱讀,技能分類
SEL-013,OECD SSES Measurement,評量工具與量表,自我覺察;自我管理;社會覺察;人際關係;負責任的決定,國中;高中職,A2;B1;C2,跨領域,跨領域議題融入,待依教育階段與領域補填,依教育階段與學習領域進行課程融入；正式對應待審查。,建議對應／待審查,OECD,https://www.oecd.org/en/about/programmes/social-and-emotional-skills-study.html,待直接頁面查核,公開閱讀,測量設計參考
SEL-014,OECD SSES Student Context,學術文獻與實證,社會覺察,國中;高中職,A1;B1;C1,跨領域,跨領域議題融入,待依教育階段與領域補填,依教育階段與學習領域進行課程融入；正式對應待審查。,建議對應／待審查,OECD,https://www.oecd.org/en/about/programmes/social-and-emotional-skills-study.html,待直接頁面查核,公開閱讀,學生背景變項
SEL-015,OECD SSES Teacher Context,研習模組與講師素材,自我覺察,國中;高中職,A2;B1;C2,綜合活動領域,跨領域議題融入,待依教育階段與領域補填,依教育階段與學習領域進行課程融入；正式對應待審查。,建議對應／待審查,OECD,https://www.oecd.org/en/about/programmes/social-and-emotional-skills-study.html,待直接頁面查核,公開閱讀,教師相關變項
SEL-016,OECD SSES School Context,學術文獻與實證,自我覺察;自我管理;社會覺察;人際關係;負責任的決定,國中;高中職,A1;B1;C1,跨領域,跨領域議題融入,待依教育階段與領域補填,依教育階段與學習領域進行課程融入；正式對應待審查。,建議對應／待審查,OECD,https://www.oecd.org/en/about/programmes/social-and-emotional-skills-study.html,待直接頁面查核,公開閱讀,學校脈絡
SEL-017,OECD Skills and Well-being,學術文獻與實證,自我管理,幼兒園;國小;國中;高中職;大專,A1;B1;C1,跨領域,跨領域議題融入,待依教育階段與領域補填,依教育階段與學習領域進行課程融入；正式對應待審查。,建議對應／待審查,OECD,https://www.oecd.org/en/about/programmes/social-and-emotional-skills-study.html,待直接頁面查核,公開閱讀,福祉與學習
SEL-018,OECD Skills and Academic Outcomes,學術文獻與實證,負責任的決定,國中;高中職,A1;B1;C1,跨領域,跨領域議題融入,待依教育階段與領域補填,依教育階段與學習領域進行課程融入；正式對應待審查。,建議對應／待審查,OECD,https://www.oecd.org/en/about/programmes/social-and-emotional-skills-study.html,待直接頁面查核,公開閱讀,結果變項
SEL-019,OECD Skills and Equity,學術文獻與實證,社會覺察,幼兒園;國小;國中;高中職;大專,A1;B1;C1,跨領域,跨領域議題融入,待依教育階段與領域補填,依教育階段與學習領域進行課程融入；正式對應待審查。,建議對應／待審查,OECD,https://www.oecd.org/en/about/programmes/social-and-emotional-skills-study.html,待直接頁面查核,公開閱讀,公平議題
SEL-020,OECD Country Data,學術文獻與實證,自我覺察;自我管理;社會覺察;人際關係;負責任的決定,國中;高中職,A1;B1;C1,跨領域,跨領域議題融入,待依教育階段與領域補填,依教育階段與學習領域進行課程融入；正式對應待審查。,建議對應／待審查,OECD,https://www.oecd.org/en/about/programmes/social-and-emotional-skills-study.html,待直接頁面查核,公開閱讀,不可直接作個人排名
SEL-021,Harvard EASEL Lab,學術文獻與實證,自我覺察;自我管理;社會覺察;人際關係;負責任的決定,幼兒園;國小;國中;高中職;大專,A1;B1;C1,跨領域,跨領域議題融入,待依教育階段與領域補填,依教育階段與學習領域進行課程融入；正式對應待審查。,建議對應／待審查,Harvard EASEL,https://easel.gse.harvard.edu/,已核對入口,公開閱讀,研究與詞彙入口
SEL-022,EASEL SEL Lexicon,學術文獻與實證,自我覺察;自我管理;社會覺察;人際關係;負責任的決定,幼兒園;國小;國中;高中職;大專,A1;B1;C1,跨領域,跨領域議題融入,待依教育階段與領域補填,依教育階段與學習領域進行課程融入；正式對應待審查。,建議對應／待審查,Harvard EASEL,https://easel.gse.harvard.edu/,待直接頁面查核,公開閱讀,術語對照
SEL-023,EASEL Research Library,學術文獻與實證,自我覺察;自我管理;社會覺察;人際關係;負責任的決定,幼兒園;國小;國中;高中職;大專,A1;B1;C1,跨領域,跨領域議題融入,待依教育階段與領域補填,依教育階段與學習領域進行課程融入；正式對應待審查。,建議對應／待審查,Harvard EASEL,https://easel.gse.harvard.edu/,待直接頁面查核,公開閱讀,研究索引
SEL-024,EASEL Measurement Resources,評量工具與量表,自我覺察;自我管理;社會覺察;人際關係;負責任的決定,幼兒園;國小;國中;高中職;大專,A2;B1;C2,跨領域,跨領域議題融入,待依教育階段與領域補填,依教育階段與學習領域進行課程融入；正式對應待審查。,建議對應／待審查,Harvard EASEL,https://easel.gse.harvard.edu/,待直接頁面查核,公開閱讀,量表與工具索引
SEL-025,EASEL Adult SEL,研習模組與講師素材,自我覺察,幼兒園;國小;國中;高中職;大專,A2;B1;C2,綜合活動領域,跨領域議題融入,待依教育階段與領域補填,依教育階段與學習領域進行課程融入；正式對應待審查。,建議對應／待審查,Harvard EASEL,https://easel.gse.harvard.edu/,待直接頁面查核,公開閱讀,成人 SEL
SEL-026,EASEL Emotion Knowledge,教學活動與教案,自我覺察;自我管理;社會覺察;人際關係;負責任的決定,幼兒園;國小,A2;B1;C2,跨領域,跨領域議題融入,待依教育階段與領域補填,依教育階段與學習領域進行課程融入；正式對應待審查。,建議對應／待審查,Harvard EASEL,https://easel.gse.harvard.edu/,待直接頁面查核,公開閱讀,情緒知識
SEL-027,EASEL Relationships,教學活動與教案,人際關係,幼兒園;國小;國中;高中職;大專,A2;B1;C2,跨領域,跨領域議題融入,待依教育階段與領域補填,依教育階段與學習領域進行課程融入；正式對應待審查。,建議對應／待審查,Harvard EASEL,https://easel.gse.harvard.edu/,待直接頁面查核,公開閱讀,關係與互動
SEL-028,EASEL School Climate,學術文獻與實證,社會覺察,幼兒園;國小;國中;高中職;大專,A1;B1;C1,跨領域,跨領域議題融入,待依教育階段與領域補填,依教育階段與學習領域進行課程融入；正式對應待審查。,建議對應／待審查,Harvard EASEL,https://easel.gse.harvard.edu/,待直接頁面查核,公開閱讀,學校氣候
SEL-029,EASEL Equity,學術文獻與實證,社會覺察,幼兒園;國小;國中;高中職;大專,A2;B1;C2,跨領域,跨領域議題融入,待依教育階段與領域補填,依教育階段與學習領域進行課程融入；正式對應待審查。,建議對應／待審查,Harvard EASEL,https://easel.gse.harvard.edu/,待直接頁面查核,公開閱讀,公平與文化
SEL-030,EASEL Evidence Briefs,學術文獻與實證,自我覺察;自我管理;社會覺察;人際關係;負責任的決定,幼兒園;國小;國中;高中職;大專,A1;B1;C1,跨領域,跨領域議題融入,待依教育階段與領域補填,依教育階段與學習領域進行課程融入；正式對應待審查。,建議對應／待審查,Harvard EASEL,https://easel.gse.harvard.edu/,待直接頁面查核,公開閱讀,證據摘要
SEL-031,RULER Approach,研習模組與講師素材,自我覺察;自我管理;社會覺察;人際關係;負責任的決定,幼兒園;國小;國中;高中職;大專,A2;B1;C2,綜合活動領域,跨領域議題融入,待依教育階段與領域補填,依教育階段與學習領域進行課程融入；正式對應待審查。,建議對應／待審查,Yale RULER,https://rulerapproach.org/,已核對入口,部分公開／可能需註冊,情緒識讀取向
SEL-032,RULER Charter,教學活動與教案,人際關係,幼兒園;國小,A2;B1;C2,綜合活動領域,跨領域議題融入,待依教育階段與領域補填,依教育階段與學習領域進行課程融入；正式對應待審查。,建議對應／待審查,Yale RULER,https://rulerapproach.org/,待直接頁面查核,部分公開／可能需註冊,班級共同規範
SEL-033,RULER Mood Meter,教學活動與教案,自我覺察;自我管理;社會覺察;人際關係;負責任的決定,幼兒園;國小,A2;B1;C2,綜合活動領域,跨領域議題融入,待依教育階段與領域補填,依教育階段與學習領域進行課程融入；正式對應待審查。,建議對應／待審查,Yale RULER,https://rulerapproach.org/,待授權查核,部分公開／可能需註冊,情緒辨識工具
SEL-034,RULER Meta-Moment,教學活動與教案,自我管理,國小;國中,A2;B1;C2,綜合活動領域,跨領域議題融入,待依教育階段與領域補填,依教育階段與學習領域進行課程融入；正式對應待審查。,建議對應／待審查,Yale RULER,https://rulerapproach.org/,待授權查核,部分公開／可能需註冊,情緒調節策略
SEL-035,RULER Blueprint,教學活動與教案,人際關係,國中;高中職,A2;B1;C2,綜合活動領域,跨領域議題融入,待依教育階段與領域補填,依教育階段與學習領域進行課程融入；正式對應待審查。,建議對應／待審查,Yale RULER,https://rulerapproach.org/,待授權查核,部分公開／可能需註冊,衝突與關係修復
SEL-036,RULER Teacher Learning,研習模組與講師素材,自我覺察,幼兒園;國小;國中;高中職;大專,A2;B1;C2,綜合活動領域,跨領域議題融入,待依教育階段與領域補填,依教育階段與學習領域進行課程融入；正式對應待審查。,建議對應／待審查,Yale RULER,https://rulerapproach.org/,待直接頁面查核,部分公開／可能需註冊,教師培訓
SEL-037,RULER School Implementation,學術文獻與實證,自我覺察;自我管理;社會覺察;人際關係;負責任的決定,幼兒園;國小;國中;高中職;大專,A1;B1;C1,跨領域,跨領域議題融入,待依教育階段與領域補填,依教育階段與學習領域進行課程融入；正式對應待審查。,建議對應／待審查,Yale RULER,https://rulerapproach.org/,待直接頁面查核,部分公開／可能需註冊,全校推動
SEL-039,RULER Emotion Vocabulary,教學活動與教案,自我覺察;自我管理;社會覺察;人際關係;負責任的決定,幼兒園;國小,A2;B1;C2,綜合活動領域,跨領域議題融入,待依教育階段與領域補填,依教育階段與學習領域進行課程融入；正式對應待審查。,建議對應／待審查,Yale RULER,https://rulerapproach.org/,待授權查核,部分公開／可能需註冊,情緒詞彙
SEL-040,RULER Reflection,評量工具與量表,自我管理,幼兒園;國小;國中;高中職;大專,A2;B1;C2,跨領域,跨領域議題融入,待依教育階段與領域補填,依教育階段與學習領域進行課程融入；正式對應待審查。,建議對應／待審查,Yale RULER,https://rulerapproach.org/,待直接頁面查核,部分公開／可能需註冊,教師與學生反思
SEL-041,EEF SEL Guidance,學術文獻與實證,自我覺察;自我管理;社會覺察;人際關係;負責任的決定,國小,A1;B1;C1,跨領域,跨領域議題融入,待依教育階段與領域補填,依教育階段與學習領域進行課程融入；正式對應待審查。,建議對應／待審查,EEF,https://educationendowmentfoundation.org.uk/education-evidence/guidance-reports/improving-social-and-emotional-learning-in-primary-schools,已核對入口,公開閱讀,教學實施建議
SEL-042,EEF Explicit Teaching,教學活動與教案,自我管理,國小,A2;B1;C2,跨領域,跨領域議題融入,待依教育階段與領域補填,依教育階段與學習領域進行課程融入；正式對應待審查。,建議對應／待審查,EEF,https://educationendowmentfoundation.org.uk/education-evidence/guidance-reports/improving-social-and-emotional-learning-in-primary-schools,待直接頁面查核,公開閱讀,明確教學
SEL-043,EEF Classroom Practice,教學活動與教案,人際關係,國小,A2;B1;C2,跨領域,跨領域議題融入,待依教育階段與領域補填,依教育階段與學習領域進行課程融入；正式對應待審查。,建議對應／待審查,EEF,https://educationendowmentfoundation.org.uk/education-evidence/guidance-reports/improving-social-and-emotional-learning-in-primary-schools,待直接頁面查核,公開閱讀,課堂實踐
SEL-044,EEF Whole-school Approach,學術文獻與實證,自我覺察;自我管理;社會覺察;人際關係;負責任的決定,國小,A1;B1;C1,跨領域,跨領域議題融入,待依教育階段與領域補填,依教育階段與學習領域進行課程融入；正式對應待審查。,建議對應／待審查,EEF,https://educationendowmentfoundation.org.uk/education-evidence/guidance-reports/improving-social-and-emotional-learning-in-primary-schools,待直接頁面查核,公開閱讀,全校策略
SEL-045,EEF Professional Development,研習模組與講師素材,自我覺察,國小,A2;B1;C2,綜合活動領域,跨領域議題融入,待依教育階段與領域補填,依教育階段與學習領域進行課程融入；正式對應待審查。,建議對應／待審查,EEF,https://educationendowmentfoundation.org.uk/education-evidence/guidance-reports/improving-social-and-emotional-learning-in-primary-schools,待直接頁面查核,公開閱讀,教師支持
SEL-046,EEF Assessment and Adaptation,評量工具與量表,自我覺察;自我管理;社會覺察;人際關係;負責任的決定,國小,A2;B1;C2,跨領域,跨領域議題融入,待依教育階段與領域補填,依教育階段與學習領域進行課程融入；正式對應待審查。,建議對應／待審查,EEF,https://educationendowmentfoundation.org.uk/education-evidence/guidance-reports/improving-social-and-emotional-learning-in-primary-schools,待直接頁面查核,公開閱讀,形成性評估
SEL-048,EEF Implementation Conditions,學術文獻與實證,自我覺察;自我管理;社會覺察;人際關係;負責任的決定,國小,A1;B1;C1,跨領域,跨領域議題融入,待依教育階段與領域補填,依教育階段與學習領域進行課程融入；正式對應待審查。,建議對應／待審查,EEF,https://educationendowmentfoundation.org.uk/education-evidence/guidance-reports/improving-social-and-emotional-learning-in-primary-schools,待直接頁面查核,公開閱讀,實施條件
SEL-049,EEF Evidence Interpretation,學術文獻與實證,自我覺察;自我管理;社會覺察;人際關係;負責任的決定,國小,A1;B1;C1,跨領域,跨領域議題融入,待依教育階段與領域補填,依教育階段與學習領域進行課程融入；正式對應待審查。,建議對應／待審查,EEF,https://educationendowmentfoundation.org.uk/education-evidence/guidance-reports/improving-social-and-emotional-learning-in-primary-schools,待直接頁面查核,公開閱讀,證據判讀
SEL-050,EEF Adaptation Checklist,評量工具與量表,自我覺察;自我管理;社會覺察;人際關係;負責任的決定,國小,A2;B1;C2,跨領域,跨領域議題融入,待依教育階段與領域補填,依教育階段與學習領域進行課程融入；正式對應待審查。,建議對應／待審查,EEF,https://educationendowmentfoundation.org.uk/education-evidence/guidance-reports/improving-social-and-emotional-learning-in-primary-schools,待直接頁面查核,公開閱讀,在地化檢核
SEL-051,UNESCO School Well-being,學術文獻與實證,社會覺察,幼兒園;國小;國中;高中職;大專,A1;B1;C1,跨領域,跨領域議題融入,待依教育階段與領域補填,依教育階段與學習領域進行課程融入；正式對應待審查。,建議對應／待審查,UNESCO,https://www.unesco.org/en/education,已核對入口,公開閱讀,學校福祉
SEL-052,UNESCO Mental Health and Education,學術文獻與實證,自我管理,幼兒園;國小;國中;高中職;大專,A1;B1;C1,跨領域,跨領域議題融入,待依教育階段與領域補填,依教育階段與學習領域進行課程融入；正式對應待審查。,建議對應／待審查,UNESCO,https://www.unesco.org/en/education,待直接頁面查核,公開閱讀,心理健康支持
SEL-053,UNESCO Inclusion,學術文獻與實證,社會覺察,幼兒園;國小;國中;高中職;大專,A2;B1;C2,跨領域,跨領域議題融入,待依教育階段與領域補填,依教育階段與學習領域進行課程融入；正式對應待審查。,建議對應／待審查,UNESCO,https://www.unesco.org/en/education,待直接頁面查核,公開閱讀,教育包容
SEL-054,UNESCO Teacher Support,研習模組與講師素材,自我覺察,幼兒園;國小;國中;高中職;大專,A2;B1;C2,綜合活動領域,跨領域議題融入,待依教育階段與領域補填,依教育階段與學習領域進行課程融入；正式對應待審查。,建議對應／待審查,UNESCO,https://www.unesco.org/en/education,待直接頁面查核,公開閱讀,教師支持
SEL-055,UNESCO Safe Learning Environment,學術文獻與實證,人際關係,幼兒園;國小;國中;高中職;大專,A1;B1;C1,跨領域,跨領域議題融入,待依教育階段與領域補填,依教育階段與學習領域進行課程融入；正式對應待審查。,建議對應／待審查,UNESCO,https://www.unesco.org/en/education,待直接頁面查核,公開閱讀,安全學習環境
SEL-056,UNESCO Education Equity,學術文獻與實證,社會覺察,幼兒園;國小;國中;高中職;大專,A2;B1;C2,跨領域,跨領域議題融入,待依教育階段與領域補填,依教育階段與學習領域進行課程融入；正式對應待審查。,建議對應／待審查,UNESCO,https://www.unesco.org/en/education,待直接頁面查核,公開閱讀,公平
SEL-058,UNESCO Student Voice,教學活動與教案,負責任的決定,幼兒園;國小;國中;高中職;大專,A2;B1;C2,跨領域,跨領域議題融入,待依教育階段與領域補填,依教育階段與學習領域進行課程融入；正式對應待審查。,建議對應／待審查,UNESCO,https://www.unesco.org/en/education,待直接頁面查核,公開閱讀,學生聲音
SEL-059,UNESCO Teacher Well-being,研習模組與講師素材,自我管理,幼兒園;國小;國中;高中職;大專,A2;B1;C2,綜合活動領域,跨領域議題融入,待依教育階段與領域補填,依教育階段與學習領域進行課程融入；正式對應待審查。,建議對應／待審查,UNESCO,https://www.unesco.org/en/education,待直接頁面查核,公開閱讀,教師福祉
SEL-060,UNESCO School Leadership,學術文獻與實證,自我覺察;自我管理;社會覺察;人際關係;負責任的決定,幼兒園;國小;國中;高中職;大專,A1;B1;C1,跨領域,跨領域議題融入,待依教育階段與領域補填,依教育階段與學習領域進行課程融入；正式對應待審查。,建議對應／待審查,UNESCO,https://www.unesco.org/en/education,待直接頁面查核,公開閱讀,學校領導
SEL-061,US ED SEL and Mental Health,學術文獻與實證,自我管理,幼兒園;國小;國中;高中職;大專,A1;B1;C1,跨領域,跨領域議題融入,待依教育階段與領域補填,依教育階段與學習領域進行課程融入；正式對應待審查。,建議對應／待審查,U.S. Department of Education,https://www.ed.gov/teaching-and-administration/educator-support/mental-health/social-emotional-learning,已核對入口,公開閱讀,政策與教師支持
SEL-062,US ED Educator Support,研習模組與講師素材,自我覺察,幼兒園;國小;國中;高中職;大專,A2;B1;C2,綜合活動領域,跨領域議題融入,待依教育階段與領域補填,依教育階段與學習領域進行課程融入；正式對應待審查。,建議對應／待審查,U.S. Department of Education,https://www.ed.gov/teaching-and-administration/educator-support/mental-health/social-emotional-learning,待直接頁面查核,公開閱讀,教師資源
SEL-063,US ED School Climate,學術文獻與實證,人際關係,幼兒園;國小;國中;高中職;大專,A1;B1;C1,跨領域,跨領域議題融入,待依教育階段與領域補填,依教育階段與學習領域進行課程融入；正式對應待審查。,建議對應／待審查,U.S. Department of Education,https://www.ed.gov/teaching-and-administration/educator-support/mental-health/social-emotional-learning,待直接頁面查核,公開閱讀,學校氣候
SEL-064,US ED Student Mental Health,學術文獻與實證,自我管理,幼兒園;國小;國中;高中職;大專,A1;B1;C1,跨領域,跨領域議題融入,待依教育階段與領域補填,依教育階段與學習領域進行課程融入；正式對應待審查。,建議對應／待審查,U.S. Department of Education,https://www.ed.gov/teaching-and-administration/educator-support/mental-health/social-emotional-learning,待直接頁面查核,公開閱讀,轉介界線
SEL-066,US ED Trauma-informed Support,學術文獻與實證,自我管理,幼兒園;國小;國中;高中職;大專,A1;B1;C1,跨領域,跨領域議題融入,待依教育階段與領域補填,依教育階段與學習領域進行課程融入；正式對應待審查。,建議對應／待審查,U.S. Department of Education,https://www.ed.gov/teaching-and-administration/educator-support/mental-health/social-emotional-learning,待直接頁面查核,公開閱讀,創傷知情
SEL-067,US ED Positive School Culture,教學活動與教案,人際關係,幼兒園;國小;國中;高中職;大專,A2;B1;C2,跨領域,跨領域議題融入,待依教育階段與領域補填,依教育階段與學習領域進行課程融入；正式對應待審查。,建議對應／待審查,U.S. Department of Education,https://www.ed.gov/teaching-and-administration/educator-support/mental-health/social-emotional-learning,待直接頁面查核,公開閱讀,正向文化
SEL-068,US ED Professional Learning,研習模組與講師素材,自我覺察,幼兒園;國小;國中;高中職;大專,A2;B1;C2,綜合活動領域,跨領域議題融入,待依教育階段與領域補填,依教育階段與學習領域進行課程融入；正式對應待審查。,建議對應／待審查,U.S. Department of Education,https://www.ed.gov/teaching-and-administration/educator-support/mental-health/social-emotional-learning,待直接頁面查核,公開閱讀,專業學習
SEL-069,US ED Equity and Belonging,學術文獻與實證,社會覺察,幼兒園;國小;國中;高中職;大專,A2;B1;C2,跨領域,跨領域議題融入,待依教育階段與領域補填,依教育階段與學習領域進行課程融入；正式對應待審查。,建議對應／待審查,U.S. Department of Education,https://www.ed.gov/teaching-and-administration/educator-support/mental-health/social-emotional-learning,待直接頁面查核,公開閱讀,歸屬與公平
SEL-070,US ED Implementation Examples,學術文獻與實證,自我覺察;自我管理;社會覺察;人際關係;負責任的決定,幼兒園;國小;國中;高中職;大專,A2;B1;C2,跨領域,跨領域議題融入,待依教育階段與領域補填,依教育階段與學習領域進行課程融入；正式對應待審查。,建議對應／待審查,U.S. Department of Education,https://www.ed.gov/teaching-and-administration/educator-support/mental-health/social-emotional-learning,待直接頁面查核,公開閱讀,政策案例
SEL-071,教育部 SEL 政策與計畫,學術文獻與實證,自我覺察;自我管理;社會覺察;人際關係;負責任的決定,幼兒園;國小;國中;高中職;大專,A1;B1;C1,跨領域,跨領域議題融入,待依教育階段與領域補填,依教育階段與學習領域進行課程融入；正式對應待審查。,建議對應／待審查,教育部,https://www.edu.tw/,待國內頁面查核,公開閱讀,需查核計畫版本與發布日期
SEL-072,教育部 友善校園,學術文獻與實證,人際關係,幼兒園;國小;國中;高中職;大專,A1;B1;C1,跨領域,跨領域議題融入,待依教育階段與領域補填,依教育階段與學習領域進行課程融入；正式對應待審查。,建議對應／待審查,教育部,https://www.edu.tw/,待國內頁面查核,公開閱讀,友善校園政策
SEL-073,教育部 學生輔導,學術文獻與實證,自我管理,幼兒園;國小;國中;高中職;大專,A1;B1;C1,跨領域,跨領域議題融入,待依教育階段與領域補填,依教育階段與學習領域進行課程融入；正式對應待審查。,建議對應／待審查,教育部,https://depart.moe.edu.tw/ED2800/,待國內頁面查核,公開閱讀,輔導與轉介
SEL-077,教育部 教師專業發展,研習模組與講師素材,自我覺察,幼兒園;國小;國中;高中職;大專,A2;B1;C2,綜合活動領域,跨領域議題融入,待依教育階段與領域補填,依教育階段與學習領域進行課程融入；正式對應待審查。,建議對應／待審查,教育部,https://www.edu.tw/,待國內頁面查核,公開閱讀,研習與專業社群
SEL-078,教育部 特殊教育與融合,學術文獻與實證,社會覺察,幼兒園;國小;國中;高中職;大專,A2;B1;C2,跨領域,跨領域議題融入,待依教育階段與領域補填,依教育階段與學習領域進行課程融入；正式對應待審查。,建議對應／待審查,教育部,https://depart.moe.gov.tw/ED2800/,待國內頁面查核,公開閱讀,融合教育
SEL-080,教育部 校園心理健康,學術文獻與實證,自我管理,幼兒園;國小;國中;高中職;大專,A1;B1;C1,跨領域,跨領域議題融入,待依教育階段與領域補填,依教育階段與學習領域進行課程融入；正式對應待審查。,建議對應／待審查,教育部,https://depart.moe.gov.tw/ED2800/,待國內頁面查核,公開閱讀,心理健康支持
SEL-081,國教院 十二年國教課綱,學術文獻與實證,自我覺察;自我管理;社會覺察;人際關係;負責任的決定,幼兒園;國小;國中;高中職;大專,A2;B1;C2,跨領域,跨領域議題融入,待依教育階段與領域補填,依教育階段與學習領域進行課程融入；正式對應待審查。,建議對應／待審查,國家教育研究院,https://www.naer.edu.tw/,待國內頁面查核,公開閱讀,核心素養對照
SEL-082,國教院 核心素養,學術文獻與實證,負責任的決定,幼兒園;國小;國中;高中職;大專,A1;B1;C1,跨領域,跨領域議題融入,待依教育階段與領域補填,依教育階段與學習領域進行課程融入；正式對應待審查。,建議對應／待審查,國家教育研究院,https://www.naer.edu.tw/,待國內頁面查核,公開閱讀,自主行動與溝通互動
SEL-083,國教院 議題融入,學術文獻與實證,社會覺察,幼兒園;國小;國中;高中職;大專,A2;B1;C2,跨領域,跨領域議題融入,待依教育階段與領域補填,依教育階段與學習領域進行課程融入；正式對應待審查。,建議對應／待審查,國家教育研究院,https://www.naer.edu.tw/,待國內頁面查核,公開閱讀,生命／品德／家庭等議題
SEL-089,國教院 教育研究資料,學術文獻與實證,自我覺察;自我管理;社會覺察;人際關係;負責任的決定,幼兒園;國小;國中;高中職;大專,A1;B1;C1,跨領域,跨領域議題融入,待依教育階段與領域補填,依教育階段與學習領域進行課程融入；正式對應待審查。,建議對應／待審查,國家教育研究院,https://www.naer.edu.tw/,待國內頁面查核,公開閱讀,研究摘要索引
SEL-090,國教院 教材與教學資源,教學活動與教案,自我覺察;自我管理;社會覺察;人際關係;負責任的決定,幼兒園;國小;國中;高中職;大專,A2;B1;C2,跨領域,跨領域議題融入,待依教育階段與領域補填,依教育階段與學習領域進行課程融入；正式對應待審查。,建議對應／待審查,國家教育研究院,https://www.naer.edu.tw/,待國內頁面查核,公開閱讀,教材索引
SEL-091,全國教師在職進修課程,研習模組與講師素材,自我覺察;自我管理;社會覺察;人際關係;負責任的決定,幼兒園;國小;國中;高中職;大專,A2;B1;C2,綜合活動領域,跨領域議題融入,待依教育階段與領域補填,依教育階段與學習領域進行課程融入；正式對應待審查。,建議對應／待審查,教師在職進修網,https://www1.inservice.edu.tw/,待國內頁面查核,依課程授權,研習搜尋入口
SEL-092,教師 SEL 入門研習,研習模組與講師素材,自我覺察,幼兒園;國小;國中;高中職;大專,A2;B1;C2,綜合活動領域,跨領域議題融入,待依教育階段與領域補填,依教育階段與學習領域進行課程融入；正式對應待審查。,建議對應／待審查,教師在職進修網,https://www1.inservice.edu.tw/,待課程查核,依課程授權,需以關鍵詞查詢
SEL-093,教師情緒與壓力調節研習,研習模組與講師素材,自我管理,幼兒園;國小;國中;高中職;大專,A2;B1;C2,綜合活動領域,跨領域議題融入,待依教育階段與領域補填,依教育階段與學習領域進行課程融入；正式對應待審查。,建議對應／待審查,教師在職進修網,https://www1.inservice.edu.tw/,待課程查核,依課程授權,需確認主辦單位
SEL-095,修復式實踐研習,研習模組與講師素材,人際關係,國中;高中職,A2;B1;C2,綜合活動領域,跨領域議題融入,待依教育階段與領域補填,依教育階段與學習領域進行課程融入；正式對應待審查。,建議對應／待審查,教師在職進修網,https://www1.inservice.edu.tw/,待課程查核,依課程授權,需確認專業資格
SEL-096,教師專業學習社群案例,學術文獻與實證,自我覺察;自我管理;社會覺察;人際關係;負責任的決定,幼兒園;國小;國中;高中職;大專,A2;B1;C2,跨領域,跨領域議題融入,待依教育階段與領域補填,依教育階段與學習領域進行課程融入；正式對應待審查。,建議對應／待審查,教師在職進修網,https://www1.inservice.edu.tw/,待國內頁面查核,依案例授權,保存共備經驗
SEL-097,縣市 SEL 推動計畫,學術文獻與實證,自我覺察;自我管理;社會覺察;人際關係;負責任的決定,幼兒園;國小;國中;高中職;大專,A1;B1;C1,跨領域,跨領域議題融入,待依教育階段與領域補填,依教育階段與學習領域進行課程融入；正式對應待審查。,建議對應／待審查,縣市教育局／處,https://www.edu.tw/,待逐縣市查核,依發布單位授權,需建立縣市來源表
SEL-098,學校 SEL 行動研究,學術文獻與實證,自我覺察;自我管理;社會覺察;人際關係;負責任的決定,幼兒園;國小;國中;高中職;大專,A2;B1;C2,跨領域,跨領域議題融入,待依教育階段與領域補填,依教育階段與學習領域進行課程融入；正式對應待審查。,建議對應／待審查,大專校院／學校,https://www.naer.edu.tw/,待研究查核,依論文／作者授權,需記錄研究設計
SEL-099,臺灣 SEL 教案與公開授課,教學活動與教案,自我覺察;自我管理;社會覺察;人際關係;負責任的決定,幼兒園;國小;國中;高中職;大專,A2;B1;C2,跨領域,跨領域議題融入,待依教育階段與領域補填,依教育階段與學習領域進行課程融入；正式對應待審查。,建議對應／待審查,學校／教師社群,https://www.edu.tw/,待投稿與授權,依作者授權,不得未經同意重製
SEL-100,臺灣 SEL 評量與教師反思工具,評量工具與量表,自我覺察;自我管理;社會覺察;人際關係;負責任的決定,幼兒園;國小;國中;高中職;大專,A2;B1;C2,跨領域,跨領域議題融入,待依教育階段與領域補填,依教育階段與學習領域進行課程融入；正式對應待審查。,建議對應／待審查,師培／研究機構,https://www.naer.edu.tw/,待信效度查核,依工具授權,需標示適用限制

